<?xml version="1.0" encoding="UTF-8" ?>
<!DOCTYPE mapper PUBLIC "-//mybatis.org//DTD Mapper 3.0//EN"
        "http://mybatis.org/dtd/mybatis-3-mapper.dtd">
<mapper namespace="com.umf.admin.server.dao.ConfigDaoMapper">
  <sql id="tableName">CONFIG</sql>
  <sql id="selectColumns">
    c.ID,c.CONFIGKEY,c.CONFIGVALUE,c.NAME,c.TYPE,c.STATE
  </sql>
  <sql id="insertColumns">
    ID,CONFIGKEY,CONFIGVALUE,NAME,TYPE,STATE
  </sql>

  <sql id="configIf">
    <if test="configKey != null and configKey != ''">configKey=#{configKey},</if>
    <if test="configValue != null and configValue != ''">configValue=#{configValue},</if>
    <if test="name != null and name != ''">name=#{name},</if>
    <if test="type != null">type=#{type},</if>
    <if test="state != null">state=#{state}</if>
  </sql>

  <sql id="configWhere">
    <where>
      <if test="configKey != null and configKey != ''">configKey=#{configKey} </if>
      <if test="type != null">AND type=#{type}</if>
    </where>
  </sql>

  <sql id="configSelector">
    SELECT
    <include refid="selectColumns"/>
    FROM
    <include refid="tableName"/> AS c
  </sql>

  <sql id="configUpdate">
    <trim prefix="SET" suffixOverrides=",">
      <include refid="configIf"/>
    </trim>
  </sql>
  <!-- =================================================================== -->

  <select id="load" parameterType="Config" resultType="Config">
    <include refid="configSelector"/>
    <include refid="configWhere"/>
  </select>

  <select id="loadAll" parameterType="Config" resultType="Config">
    <include refid="configSelector"/>
    <include refid="configWhere"/>
  </select>

  <!-- 更新 -->
  <update id="update" parameterType="Config">
    UPDATE <include refid="tableName"/>
    <include refid="configUpdate"/>
    <include refid="configWhere"/>
  </update>

  <insert id="save" parameterType="Config" keyProperty="id" useGeneratedKeys="true">
    INSERT INTO
    <include refid="tableName"/>
    (
    <include refid="insertColumns"/>
    )
    VALUES
    (#{CONFIGKEY},#{CONFIGVALUE},#{NAME},#{TYPE},#{STATE})
  </insert>

  <delete id="delete" parameterType="Config">
    DELETE FROM <include refid="tableName"/>
    <include refid="configWhere"/>
  </delete>
</mapper>

