<?xml version="1.0" encoding="UTF-8" ?>
<!DOCTYPE mapper PUBLIC "-//mybatis.org//DTD Mapper 3.0//EN"
        "http://mybatis.org/dtd/mybatis-3-mapper.dtd">
<mapper namespace="com.umf.admin.server.dao.MenuDaoMapper">
  <sql id="tableName">MENU</sql>
  <sql id="selectColumns">
    m.ID, m.NAME, m.PATH, m.COMPONENT, m.TITLE, m.ICON, m.LINK, m.NOCACHE, m.VISIBLE, m.PARENTID, m.SORT, m.STATE, m.REMARK
  </sql>
  <sql id="insertColumns">
    NAME, PATH, COMPONENT, TITLE, ICON, LINK, NOCACHE, VISIBLE, PARENTID, SORT, STATE, REMARK
  </sql>
  <sql id="menuIf">
    <if test="name != null and name != ''">NAME=#{name},</if>
    <if test="path != null and path != ''">PATH=#{path},</if>
    <if test="component != null and component != ''">COMPONENT=#{component},</if>
    <if test="title != null and title != ''">TITLE=#{title},</if>
    <if test="icon != null and icon != ''">ICON=#{icon},</if>
    <if test="link != null and link != ''">LINK=#{link},</if>
    <if test="noCache != null">NOCACHE=#{nocache},</if>
    <if test="visible != null">VISIBLE=#{visible},</if>
    <if test="parentId != null">PARENTID=#{parentId},</if>
    <if test="sort != null">SORT=#{sort},</if>
    <if test="state != null">STATE=#{state},</if>
    <if test="remark != null and remark != ''">REMARK=#{remark}</if>
  </sql>
  <sql id="menuSelector">
    SELECT
    <include refid="selectColumns"/>
    FROM
    <include refid="tableName"/> AS m
  </sql>
  <sql id="menuWhere">
    <where>
      <if test="id != null"> m.ID = #{id} </if>
      <if test="parentId != null"> AND m.PARENTID = #{parentId} </if>
    </where>
  </sql>
  <sql id="menuUpdate">
    <trim prefix="SET" suffixOverrides=",">
      <include refid="menuIf"/>
    </trim>
  </sql>

  <!-- =================================================================== -->

  <!-- 获取所有父菜单 -->
  <select id="getParentMenus" resultType="Menu">
    <include refid="menuSelector"/>
    WHERE m.PARENTID = -1 AND m.STATE = 1
  </select>

  <!-- 根据父菜单获取其所有子菜单 -->
  <select id="getChildMenus" parameterType="Menu" resultType="Menu">
    <include refid="menuSelector"/>
    WHERE m.PARENTID = #{id} AND m.STATE = 1
  </select>

  <!-- 根据角色id获取拥有的父菜单 -->
  <select id="getParentMenusByRoleId" parameterType="Integer" resultType="Menu">
    <include refid="menuSelector"/>
    JOIN ROLE_MENU rm ON m.ID = rm.MENUID
    WHERE m.PARENTID = -1 AND m.STATE = 1 AND rm.ROLEID = #{roleId}
  </select>

  <!-- 根据角色id和父菜单获取拥有的子菜单 -->
  <select id="getChildMenusByRoleId" parameterType="Menu" resultType="Menu">
    <include refid="menuSelector"/>
    JOIN ROLE_MENU rm ON m.ID = rm.MENUID
    WHERE m.PARENTID = #{id} AND m.STATE = 1 AND rm.ROLEID = #{roleId}
  </select>

  <!-- 更新 -->
  <update id="update" parameterType="Menu">
    UPDATE <include refid="tableName"/> AS m
    <include refid="menuUpdate"/>
    <include refid="menuWhere"/>
  </update>

  <!-- 根据菜单id修改菜单为不可见 -->
  <update id="updateMenu2Invisible" parameterType="Menu">
    UPDATE <include refid="tableName"/> AS m
    <include refid="menuUpdate"/>
    <include refid="menuWhere"/>
  </update>

  <!-- 插入 -->
  <insert id="save" parameterType="Menu">
    INSERT INTO
    <include refid="tableName"/>
    (
    <include refid="insertColumns"/>
    )
    VALUES
    (
    #{name}, #{path}, #{component}, #{title}, #{icon}, #{link}, #{noCache}, #{visible}, #{parentId}, #{sort}, #{staet}, #{remark}
    )
  </insert>
</mapper>

