<?xml version="1.0" encoding="UTF-8" ?>
<!DOCTYPE mapper PUBLIC "-//mybatis.org//DTD Mapper 3.0//EN"
        "http://mybatis.org/dtd/mybatis-3-mapper.dtd">
<mapper namespace="com.umf.admin.server.dao.PermissionDaoMapper">
  <sql id="tableName">PERMISSION</sql>
  <sql id="selectColumns">
    p.ID, p.HREF, p.TITLE, p.PARENTID, p.CODE, p.TYPE, p.SORT, p.STATE, p.REMARK
  </sql>
  <sql id="insertColumns">
    HREF, TITLE, PARENTID, CODE, TYPE, SORT, STATE, REMARK
  </sql>
  <sql id="permissionIf">
    <if test="href != null and href != ''">HREF=#{href},</if>
    <if test="title != null and title != ''">TITLE=#{title},</if>
    <if test="parentId != null">PARENTID=#{parentId},</if>
    <if test="code != null and code != ''">CODE=#{code},</if>
    <if test="type != null">TYPE=#{type},</if>
    <if test="sort != null">SORT=#{sort},</if>
    <if test="state != null">STATE=#{state},</if>
    <if test="remark != null and remark != ''">REMARK=#{remark}</if>
  </sql>
  <sql id="permissionSelector">
    SELECT
    <include refid="selectColumns"/>
    FROM
    <include refid="tableName"/> AS p
  </sql>
  <sql id="permissionWhere">
    <where>
      p.STATE = 1
      <if test="id != null"> AND p.ID = #{id} </if>
      <if test="type != null"> AND p.TYPE = #{type} </if>
    </where>
    ORDER BY p.PARENTID
  </sql>
  <sql id="permissionUpdate">
    <trim prefix="SET" suffixOverrides=",">
      <include refid="permissionIf"/>
    </trim>
  </sql>

  <!-- =================================================================== -->

  <!-- 获取所有信息 -->
  <select id="loadAll" resultType="Permission">
    <include refid="permissionSelector"/>
    <include refid="permissionWhere"/>
  </select>

  <!-- 根据菜单id查询资源信息 -->
  <select id="findPermissions" parameterType="Integer" resultType="Permission">
    <include refid="permissionSelector"/>
    WHERE p.PARENTID = #{parentId}
  </select>

  <!-- 根据角色id查询拥有的资源信息 -->
  <select id="getOwnPermissions" parameterType="RolePermission" resultType="Permission">
    <include refid="permissionSelector"/>
    JOIN ROLE_PERMISSION rp ON p.ID = rp.PERMISSIONID
    WHERE rp.ROLEID = #{roleId}
  </select>

  <!-- 根据条件获取信息 -->
  <select id="findAll" parameterType="Permission" resultType="Permission">
    <include refid="permissionSelector"/>
    <include refid="permissionWhere"/>
  </select>

  <!-- 更新 -->
  <update id="update" parameterType="Permission">
    UPDATE <include refid="tableName"/> AS p
    <include refid="permissionUpdate"/>
    WHERE p.ID = #{id}
  </update>

  <!-- 根据资源id修改资源为不可见 -->
  <update id="updatePermission2Invisible" parameterType="Permission">
    UPDATE <include refid="tableName"/> AS p
    <include refid="permissionUpdate"/>
    WHERE p.ID = #{id}
  </update>

  <!-- 插入 -->
  <insert id="save" parameterType="Permission">
    INSERT INTO
    <include refid="tableName"/>
    (
    <include refid="insertColumns"/>
    )
    VALUES
    (
    #{dataId}, #{dataType}, #{submitTime}, #{auditTime}
    )
  </insert>
</mapper>

