<?xml version="1.0" encoding="UTF-8" ?>
<!DOCTYPE mapper PUBLIC "-//mybatis.org//DTD Mapper 3.0//EN"
        "http://mybatis.org/dtd/mybatis-3-mapper.dtd">
<mapper namespace="com.umf.admin.server.dao.RoleDaoMapper">
  <sql id="tableName">ROLE</sql>
  <sql id="selectColumns">
    r.ID, r.TITLE, r.TYPE, r.STATE, r.REMARK
  </sql>
  <sql id="insertColumns">
    TITLE, TYPE, STATE, REMARK
  </sql>
  <sql id="roleIf">
    <if test="title != null and title != ''">TITLE=#{title},</if>
    <if test="state != null">STATE=#{state},</if>
    <if test="remark != null and remark != ''">REMARK=#{remark}</if>
  </sql>
  <sql id="roleSelector">
    SELECT
    <include refid="selectColumns"/>
    FROM
    <include refid="tableName"/> AS r
  </sql>
  <sql id="roleWhere">
    <where>
      <if test="id != null">r.ID = #{id}</if>
      <if test="title != null and title != ''"> AND r.TITLE LIKE '%${title}%'</if>
    </where>
  </sql>
  <sql id="roleUpdate">
    <trim prefix="SET" suffixOverrides=",">
      <include refid="roleIf"/>
    </trim>
  </sql>

  <!-- =================================================================== -->

  <!-- 根据角色id查询角色信息 -->
  <select id="load" parameterType="Role" resultType="Role">
    <include refid="roleSelector"/>
    <include refid="roleWhere"/>
  </select>

  <!-- 查询角色信息 -->
  <select id="loadAll" resultType="Role">
    <include refid="roleSelector"/>
  </select>

  <!-- 根据用户信息查询拥有角色 -->
  <select id="getOwnRoleByUser" parameterType="Integer" resultType="Role">
    <include refid="roleSelector"/>
    JOIN USER_ROLE ur on ur.ROLEID = r.ID
    WHERE ur.USERID = #{userId}
  </select>

  <!-- 根据角色类型获取角色 -->
  <select id="getRoleByType" parameterType="Integer" resultType="Role">
    <include refid="roleSelector"/>
    WHERE r.type = #{type}
  </select>

  <!-- 更新 -->
  <update id="update" parameterType="Role">
    UPDATE <include refid="tableName"/> AS r
    <include refid="roleUpdate"/>
    <include refid="roleWhere"/>
  </update>

  <!-- 删除 -->
  <delete id="delete" parameterType="Role">
    DELETE FROM <include refid="tableName"/>
    WHERE Id = #{id}
  </delete>

  <!-- 插入 -->
  <insert id="save" parameterType="Role" useGeneratedKeys="true" keyProperty="id">
    INSERT INTO
    <include refid="tableName"/>
    (
    <include refid="insertColumns"/>
    )
    VALUES
    (
    #{title}, #{type}, #{state}, #{remark}
    )
  </insert>
</mapper>

