<?xml version="1.0" encoding="UTF-8" ?>
<!DOCTYPE mapper PUBLIC "-//mybatis.org//DTD Mapper 3.0//EN"
        "http://mybatis.org/dtd/mybatis-3-mapper.dtd">
<mapper namespace="com.umf.admin.server.dao.RolePermissionDaoMapper">
  <sql id="tableName">ROLE_PERMISSION</sql>
  <sql id="insertColumns">
    ROLEID, PERMISSIONID
  </sql>
  <sql id="selectColumns">
    rp.ROLEID, rp.PERMISSIONID
  </sql>
  <sql id="rolePermissionSelector">
    SELECT
    <include refid="selectColumns"/>
    FROM
    <include refid="tableName"/> AS rp
  </sql>

  <sql id="rolePermissionWhere">
    <where>
      <if test="roleId != null">rp.ROLEID=#{roleId}</if>
      <if test="permissionId != null">rp.PERMISSIONID=#{permissionId}</if>
    </where>
  </sql>

  <!-- =================================================================== -->

  <select id="loadAll" parameterType="RolePermission" resultType="RolePermission">
    <include refid="rolePermissionSelector"/>
    <include refid="rolePermissionWhere"/>
  </select>

  <!-- 删除 -->
  <delete id="delete" parameterType="RolePermission">
    DELETE FROM <include refid="tableName"/>
    WHERE ROLEID = #{roleId} AND PERMISSIONID = #{permissionId}
  </delete>

  <!-- 批量插入 -->
  <insert id="saves" parameterType="list">
    INSERT INTO
    <include refid="tableName"/>
    (
    <include refid="insertColumns"/>
    )
    VALUES
    <foreach collection="list" item="rolePermission" index="index" separator=",">
      (#{rolePermission.roleId}, #{rolePermission.permissionId})
    </foreach>
  </insert>

</mapper>

