<?xml version="1.0" encoding="UTF-8" ?>
<!DOCTYPE mapper PUBLIC "-//mybatis.org//DTD Mapper 3.0//EN"
        "http://mybatis.org/dtd/mybatis-3-mapper.dtd">
<mapper namespace="com.umf.admin.server.dao.RoleMenuDaoMapper">
  <sql id="tableName">ROLE_MENU</sql>
  <sql id="insertColumns">
    ROLEID, MENUID
  </sql>
  <sql id="selectColumns">
    rm.ROLEID, rm.MENUID
  </sql>
  <sql id="roleMenuSelector">
    SELECT
    <include refid="selectColumns"/>
    FROM
    <include refid="tableName"/> AS rm
  </sql>

  <sql id="roleMenuWhere">
    <where>
      <if test="roleId != null"> rm.ROLEID = #{roleId} </if>
      <if test="menuId != null"> AND rm.MENUID = #{menuId} </if>
    </where>
  </sql>

  <!-- =================================================================== -->

  <select id="loadAll" parameterType="RoleMenu" resultType="RoleMenu">
    <include refid="roleMenuSelector"/>
    <include refid="roleMenuWhere"/>
  </select>

  <!-- 删除 -->
  <delete id="delete" parameterType="RoleMenu">
    DELETE FROM <include refid="tableName"/>
    WHERE ROLEID = #{roleId}
  </delete>

  <!-- 批量插入 -->
  <insert id="saves" parameterType="List">
    INSERT INTO
    <include refid="tableName"/>
    (
    <include refid="insertColumns"/>
    )
    VALUES
    <foreach collection="list" item="roleMenu" index="index" separator=",">
      (#{roleMenu.roleId}, #{roleMenu.menuId})
    </foreach>
  </insert>

</mapper>

