<?xml version="1.0" encoding="UTF-8" ?>
<!DOCTYPE mapper PUBLIC "-//mybatis.org//DTD Mapper 3.0//EN"
        "http://mybatis.org/dtd/mybatis-3-mapper.dtd">
<mapper namespace="com.umf.admin.server.dao.UserDaoMapper">
  <sql id="tableName">user</sql>
  <sql id="columns">
    u.userid, u.username, u.password, u.name, u.cardId, u.openid, u.avatar, u.mobilePhone, u.email, u.state, u.token, u.tokenExpTime, u.createTime, u.subUser, u.remark
  </sql>
  <sql id="insertColumns">
    USERNAME, PASSWORD, NAME, OPENID, AVATAR, MOBILEPHONE, EMAIL, STATE, TOKENEXPTIME, CREATETIME, SUBUSER, REMARK
  </sql>
  <sql id="userIf">
    <if test="username != null and username != ''">username=#{username},</if>
    <if test="password != null and password != ''">password=#{password},</if>
    <if test="name != null and name != ''">name=#{name},</if>
    <if test="cardId != null and cardId != ''">cardId=#{cardId},</if>
    <if test="openid != null and openid != ''">openid=#{openid},</if>
    <if test="avatar != null and avatar != ''">avatar=#{avatar},</if>
    <if test="mobilePhone != null and mobilePhone != ''">mobilePhone=#{mobilePhone},</if>
    <if test="email != null and email != ''">email=#{email},</if>
    <if test="state != null">state=#{state},</if>
    <if test="token != null and token != ''">token=#{token},</if>
    <if test="tokenExpTime != null">tokenExpTime=#{tokenExpTime},</if>
    <if test="createTime != null">createTime=#{createTime},</if>
    <if test="remark != null and remark != ''">remark=#{remark}</if>
  </sql>
  <sql id="userSelector">
    SELECT
      <include refid="columns"/>
    FROM
      <include refid="tableName"/> AS u
  </sql>

  <!-- 支持UID和token -->
  <sql id="userWhere">
    <where>
      <choose>
        <when test="username != null and username !=''">
          username = #{username} AND STATE = 1
        </when>
        <otherwise>
          <if test="token!= null and token != ''">
            token = #{token}
          </if>
        </otherwise>
      </choose>
    </where>
  </sql>

  <sql id="userWhereByCondition">
    <where>
      <if test="name != null and name != ''">u.NAME LIKE '%${name}%' </if>
      <if test="username != null and username != ''"> AND u.USERNAME = #{username} </if>
      <if test="subUser != null and subUser != ''"> AND u.SUBUSER = #{subUser} </if>
      <if test="state != null"> AND u.STATE = #{state} </if>
      <if test="cardId != null and cardId != ''"> AND u.cardId = #{cardId} </if>
    </where>
    ORDER BY u.CREATETIME DESC
  </sql>

  <sql id="userUpdate">
    <trim prefix="SET" suffixOverrides=",">
      <include refid="userIf"/>
    </trim>
  </sql>

<!-- =================================================================== -->

  <select id="load" parameterType="User" resultType="User">
    <include refid="userSelector"/>
    <include refid="userWhere"/>
  </select>

  <!-- 获取全部 -->
  <select id="loadAll" resultType="User">
    <include refid="userSelector"/>
    <include refid="userWhere"/>
  </select>

  <select id="loadByOpenid" parameterType="String" resultType="User">
    <include refid="userSelector"/>
    WHERE u.openid=#{openid}
  </select>

  <!-- 根据条件查询用户 -->
  <select id="findUsers" parameterType="User" resultType="User">
    <include refid="userSelector"/>
    <include refid="userWhereByCondition"/>
  </select>

  <!-- 更新 -->
  <update id="update" parameterType="User">
    UPDATE <include refid="tableName"/>
    <include refid="userUpdate"/>
    <include refid="userWhere"/>
  </update>

  <!-- 更新-用户管理 -->
  <update id="updateUserById" parameterType="User">
    UPDATE <include refid="tableName"/>
    <include refid="userUpdate"/>
    WHERE USERID=#{userId}
  </update>

  <!-- 插入 -->
  <insert id="save" parameterType="User" useGeneratedKeys="true" keyProperty="userId">
    INSERT INTO
    <include refid="tableName"/>
    (
    <include refid="insertColumns"/>
    )
    VALUES
    (
      #{username},#{password},#{name},#{openid},#{avatar},#{mobilePhone},#{email},
      #{state},#{tokenExpTime},#{createTime},#{subUser},#{remark}
    )
  </insert>

  <!-- 批量插入 -->
  <insert id="saves" parameterType="List" useGeneratedKeys="true" keyProperty="userId">
    INSERT INTO
    <include refid="tableName"/>
    (
    <include refid="insertColumns"/>
    )
    VALUES
    <foreach collection="list" item="user" index="index" separator=",">
      (
        #{user.username},#{user.password},#{user.name},#{user.openid},#{user.avatar},#{user.mobilePhone},#{user.email},
        #{user.state},#{user.tokenExpTime},#{user.createTime},#{user.subUser},#{user.remark}
      )
    </foreach>
  </insert>

</mapper>

