<?xml version="1.0" encoding="UTF-8" ?>
<!DOCTYPE mapper PUBLIC "-//mybatis.org//DTD Mapper 3.0//EN"
        "http://mybatis.org/dtd/mybatis-3-mapper.dtd">
<mapper namespace="com.umf.admin.server.dao.UserRoleDaoMapper">
  <sql id="tableName">USER_ROLE</sql>
  <sql id="insertColumns">
    USERID, ROLEID
  </sql>
  <sql id="selectColumns">
    ur.USERID, ur.ROLEID
  </sql>
  <sql id="userRoleSelector">
    SELECT
    <include refid="selectColumns"/>
    FROM
    <include refid="tableName"/> AS ur
  </sql>

  <sql id="userRoleWhere">
    <where>
      <if test="userId != null"> ur.USERID=#{userId} </if>
      <if test="roleId != null"> AND ur.ROLEID=#{roleIdId} </if>
    </where>
  </sql>

  <!-- =================================================================== -->

  <select id="load" parameterType="UserRole" resultType="UserRole">
    <include refid="userRoleSelector"/>
    <include refid="userRoleWhere"/>
  </select>

  <select id="loadAll" parameterType="UserRole" resultType="UserRole">
    <include refid="userRoleSelector"/>
    <include refid="userRoleWhere"/>
  </select>

  <insert id="save" parameterType="UserRole">
    INSERT INTO
    <include refid="tableName"/>
    (
    <include refid="insertColumns"/>
    )
    VALUES
    (#{userId}, #{roleId})
  </insert>

  <!-- 批量插入 -->
  <insert id="saves" parameterType="List">
    INSERT INTO
    <include refid="tableName"/>
    (
    <include refid="insertColumns"/>
    )
    VALUES
    <foreach collection="list" item="userRole" index="index" separator=",">
      (#{userRole.userId}, #{userRole.roleId})
    </foreach>
  </insert>

  <delete id="delete" parameterType="UserRole">
    DELETE FROM <include refid="tableName"/>
    <include refid="userRoleWhere"/>
  </delete>

  <update id="update" parameterType="UserRole">
    UPDATE <include refid="tableName"/>
    SET ROLEID=#{roleId}
    WHERE USERID=#{userId}
  </update>

</mapper>

