<?xml version="1.0" encoding="UTF-8" ?>
<!DOCTYPE mapper PUBLIC "-//mybatis.org//DTD Mapper 3.0//EN"
        "http://mybatis.org/dtd/mybatis-3-mapper.dtd">
<mapper namespace="com.umf.admin.server.dao.WxUserDaoMapper">
  <sql id="tableName">USERADDRESS</sql>
  <sql id="selectColumns">
  </sql>
  <sql id="insertColumns">
  </sql>


  <select id="selectAllAddress" resultType="WxUser" >
    SELECT * FROM USERADDRESS WHERE openid = #{openid}  AND state=0
  </select>


  <select id="selectOne" resultType="WxUser">
    SELECT * FROM USERADDRESS WHERE user_detail_id=#{detailId}  AND state=0
  </select>


  <update id="updateOne">
    UPDATE  USERADDRESS SET user_info = #{userInfo} WHERE id=#{id}
  </update>

  <update id="deleteOne">
    UPDATE  USERADDRESS SET state = -1 WHERE id=#{id}
  </update>



  <!-- 插入 -->
  <insert id="saveUserInfo" parameterType="Map">
    INSERT INTO USERINFO
    (
    wx_openid,wx_user_detail_id
    )
    VALUES
    (
    #{openId}, #{userDetailId})
  </insert>

  <insert id="saveUserAddress" parameterType="WxUser">
    INSERT INTO
    <include refid="tableName"/>
    (
    user_detail_id,openid,user_info
    )
    VALUES
    (
    #{userDetailId}, #{openId}, #{userInfo}
    )
  </insert>






  <!--&lt;!&ndash; 获取所有父菜单 &ndash;&gt;-->
  <!--<select id="getParentMenus" resultType="Menu">-->
    <!--<include refid="menuSelector"/>-->
    <!--WHERE m.PARENTID = -1 AND m.STATE = 1-->
  <!--</select>-->

  <!--&lt;!&ndash; 根据父菜单获取其所有子菜单 &ndash;&gt;-->
  <!--<select id="getChildMenus" parameterType="Menu" resultType="Menu">-->
    <!--<include refid="menuSelector"/>-->
    <!--WHERE m.PARENTID = #{id} AND m.STATE = 1-->
  <!--</select>-->

  <!--&lt;!&ndash; 根据角色id获取拥有的父菜单 &ndash;&gt;-->
  <!--<select id="getParentMenusByRoleId" parameterType="Integer" resultType="Menu">-->
    <!--<include refid="menuSelector"/>-->
    <!--JOIN ROLE_MENU rm ON m.ID = rm.MENUID-->
    <!--WHERE m.PARENTID = -1 AND m.STATE = 1 AND rm.ROLEID = #{roleId}-->
  <!--</select>-->

  <!--&lt;!&ndash; 根据角色id和父菜单获取拥有的子菜单 &ndash;&gt;-->
  <!--<select id="getChildMenusByRoleId" parameterType="Menu" resultType="Menu">-->
    <!--<include refid="menuSelector"/>-->
    <!--JOIN ROLE_MENU rm ON m.ID = rm.MENUID-->
    <!--WHERE m.PARENTID = #{id} AND m.STATE = 1 AND rm.ROLEID = #{roleId}-->
  <!--</select>-->

  <!--&lt;!&ndash; 更新 &ndash;&gt;-->
  <!--<update id="update" parameterType="Menu">-->
    <!--UPDATE <include refid="tableName"/> AS m-->
    <!--<include refid="menuUpdate"/>-->
    <!--<include refid="menuWhere"/>-->
  <!--</update>-->

  <!--&lt;!&ndash; 根据菜单id修改菜单为不可见 &ndash;&gt;-->
  <!--<update id="updateMenu2Invisible" parameterType="Menu">-->
    <!--UPDATE <include refid="tableName"/> AS m-->
    <!--<include refid="menuUpdate"/>-->
    <!--<include refid="menuWhere"/>-->
  <!--</update>-->

  <!--&lt;!&ndash; 插入 &ndash;&gt;-->
  <!--<insert id="save" parameterType="Menu">-->
    <!--INSERT INTO-->
    <!--<include refid="tableName"/>-->
    <!--(-->
    <!--<include refid="insertColumns"/>-->
    <!--)-->
    <!--VALUES-->
    <!--(-->
    <!--#{name}, #{path}, #{component}, #{title}, #{icon}, #{link}, #{noCache}, #{visible}, #{parentId}, #{sort}, #{staet}, #{remark}-->
    <!--)-->
  <!--</insert>-->
</mapper>

